ID,Name,Age,Gender
1,Person_1,34,Female
2,Person_2,28,Female
3,Person_3,36,Female
4,Person_4,45,Female
5,Person_5,27,Male
6,Person_6,27,Male
7,Person_7,45,Female
8,Person_8,37,Female
9,Person_9,25,Female
10,Person_10,35,Other
11,Person_11,25,Female
12,Person_12,25,Female
13,Person_13,32,Female
14,Person_14,10,Female
15,Person_15,12,Female
16,Person_16,24,Female
17,Person_17,19,Female
18,Person_18,33,Male
19,Person_19,20,Male
20,Person_20,15,Male
21,Person_21,44,Female
22,Person_22,27,Male
23,Person_23,30,Female
24,Person_24,15,Female
25,Person_25,24,Male
26,Person_26,31,Female
27,Person_27,18,Male
28,Person_28,33,Male
29,Person_29,23,Female
30,Person_30,27,Male
31,Person_31,23,Male
32,Person_32,48,Female
33,Person_33,29,Female
34,Person_34,19,Male
35,Person_35,38,Female
36,Person_36,17,Male
37,Person_37,32,Male
38,Person_38,10,Female
39,Person_39,16,Female
40,Person_40,31,Female
41,Person_41,37,Female
42,Person_42,31,Other
43,Person_43,28,Female
44,Person_44,26,Male
45,Person_45,15,Female
46,Person_46,22,Male
47,Person_47,25,Male
48,Person_48,40,Male
49,Person_49,33,Male
50,Person_50,12,Other
51,Person_51,33,Female
52,Person_52,26,Female
53,Person_53,23,Male
54,Person_54,36,Male
55,Person_55,40,Male
56,Person_56,39,Male
57,Person_57,21,Female
58,Person_58,26,Female
59,Person_59,33,Female
60,Person_60,39,Male
61,Person_61,25,Other
62,Person_62,28,Female
63,Person_63,18,Female
64,Person_64,18,Female
65,Person_65,38,Male
66,Person_66,43,Male
67,Person_67,29,Male
68,Person_68,40,Female
69,Person_69,33,Male
70,Person_70,23,Male
71,Person_71,33,Male
72,Person_72,45,Male
73,Person_73,29,Female
74,Person_74,45,Female
75,Person_75,3,Female
76,Person_76,38,Male
77,Person_77,30,Female
78,Person_78,27,Female
79,Person_79,30,Male
80,Person_80,10,Male
81,Person_81,27,Male
82,Person_82,33,Female
83,Person_83,44,Female
84,Person_84,24,Male
85,Person_85,21,Male
86,Person_86,24,Female
87,Person_87,39,Female
88,Person_88,33,Female
89,Person_89,24,Female
90,Person_90,35,Male
91,Person_91,30,Male
92,Person_92,39,Female
93,Person_93,22,Male
94,Person_94,26,Female
95,Person_95,26,Other
96,Person_96,15,Female
97,Person_97,32,Male
98,Person_98,32,Female
99,Person_99,30,Female
100,Person_100,27,Female
101,Person_101,15,Other
102,Person_102,25,Male
103,Person_103,26,Other
104,Person_104,21,Other
105,Person_105,28,Male
106,Person_106,34,Male
107,Person_107,48,Male
108,Person_108,31,Male
109,Person_109,32,Male
110,Person_110,29,Female
111,Person_111,10,Male
112,Person_112,29,Male
113,Person_113,30,Female
114,Person_114,54,Male
115,Person_115,28,Female
116,Person_116,33,Male
117,Person_117,29,Male
118,Person_118,18,Female
119,Person_119,41,Female
120,Person_120,37,Female
121,Person_121,37,Female
122,Person_122,20,Female
123,Person_123,44,Male
124,Person_124,15,Male
125,Person_125,35,Female
126,Person_126,51,Female
127,Person_127,20,Other
128,Person_128,24,Male
129,Person_129,30,Male
130,Person_130,24,Female
131,Person_131,14,Male
132,Person_132,30,Other
133,Person_133,19,Female
134,Person_134,34,Male
135,Person_135,20,Female
136,Person_136,45,Female
137,Person_137,22,Male
138,Person_138,26,Other
139,Person_139,38,Female
140,Person_140,17,Female
141,Person_141,32,Male
142,Person_142,43,Female
143,Person_143,13,Male
144,Person_144,31,Male
145,Person_145,32,Other
146,Person_146,37,Male
147,Person_147,17,Male
148,Person_148,16,Other
149,Person_149,35,Other
150,Person_150,32,Female
151,Person_151,32,Female
152,Person_152,33,Male
153,Person_153,23,Male
154,Person_154,32,Male
155,Person_155,32,Female
156,Person_156,22,Female
157,Person_157,48,Female
158,Person_158,34,Female
159,Person_159,18,Male
160,Person_160,36,Female
161,Person_161,20,Male
162,Person_162,37,Female
163,Person_163,41,Male
164,Person_164,21,Female
165,Person_165,39,Male
166,Person_166,34,Male
167,Person_167,38,Male
168,Person_168,48,Female
169,Person_169,27,Female
170,Person_170,22,Male
171,Person_171,21,Male
172,Person_172,21,Female
173,Person_173,29,Male
174,Person_174,33,Female
175,Person_175,32,Female
176,Person_176,38,Male
177,Person_177,30,Male
178,Person_178,44,Other
179,Person_179,27,Male
180,Person_180,57,Male
181,Person_181,36,Female
182,Person_182,21,Other
183,Person_183,19,Other
184,Person_184,34,Female
185,Person_185,27,Male
186,Person_186,37,Male
187,Person_187,34,Female
188,Person_188,29,Female
189,Person_189,21,Male
190,Person_190,14,Other
191,Person_191,25,Male
192,Person_192,38,Female
193,Person_193,32,Male
194,Person_194,17,Female
195,Person_195,31,Male
196,Person_196,33,Male
197,Person_197,21,Male
198,Person_198,31,Female
199,Person_199,30,Female
200,Person_200,18,Female
